timestamp,gimbal_position_deg,gimbal_speed_hz,wheel_speed_hz,wheel_accel_rad_s2,tmp_bot_C,tmp_top_C,cur_3v3_A,cur_5V_A,vol_3v3_V,vol_5V_V,cmd_wheel_torque_mNm,event
2025-05-29 05:56:59,321.07,0.0,0.0,0.0,24.9,24.6,0.094,0.0,3.261,5.037,0.54,
2025-05-29 05:57:00,320.861,0.0,0.0,0.0,24.9,24.6,0.09,0.032,3.259,5.028,0.54,
2025-05-29 05:57:01,320.861,0.0,0.0,0.0,24.9,24.6,0.09,0.032,3.259,5.028,0.54,
2025-05-29 05:57:02,320.63,0.0,0.0,0.0,24.9,24.9,0.096,0.048,3.261,5.026,0.54,
2025-05-29 05:57:03,321.443,0.002,0.0,0.0,24.9,24.6,0.096,0.17,3.259,5.0,0.54,
2025-05-29 05:57:04,319.576,0.0,18.24,72.547,25.0,24.8,0.096,0.143,3.259,5.008,0.54,
2025-05-29 05:57:05,320.51,0.0,28.12,56.601,24.9,24.8,0.099,0.178,3.259,4.999,0.54,
2025-05-29 05:57:06,320.158,0.0,37.27,58.278,24.9,24.6,0.094,0.217,3.259,4.991,0.54,
2025-05-29 05:57:07,321.443,0.001,45.67,54.165,24.9,24.7,0.095,0.246,3.259,4.988,0.54,
2025-05-29 05:57:08,321.394,0.001,53.85,48.206,24.8,24.6,0.095,0.253,3.259,4.984,0.54,
2025-05-29 05:57:09,320.229,0.0,61.44,52.024,25.1,24.8,0.095,0.269,3.259,4.98,0.54,
2025-05-29 05:57:10,321.114,0.001,68.07,43.323,24.9,24.6,0.098,0.29,3.259,4.975,0.54,
2025-05-29 05:57:11,320.488,0.0,74.52,36.616,25.0,24.6,0.096,0.318,3.257,4.968,0.54,
2025-05-29 05:57:12,320.301,0.0,81.13,37.681,24.9,24.8,0.095,0.376,3.257,4.958,0.54,
2025-05-29 05:57:13,321.07,0.0,87.74,45.158,24.9,24.7,0.095,0.356,3.257,4.96,0.54,
2025-05-29 05:57:14,320.839,0.0,94.4,48.512,25.1,24.8,0.098,0.414,3.256,4.947,0.54,
2025-05-29 05:57:15,321.301,0.001,100.59,34.169,25.1,24.8,0.094,0.491,3.256,4.942,0.54,
2025-05-29 05:57:16,320.933,0.0,107.46,57.065,25.1,24.6,0.096,0.503,3.256,4.938,0.54,
2025-05-29 05:57:17,321.07,0.0,112.38,25.627,25.1,24.8,0.093,0.524,3.256,4.933,0.54,
2025-05-29 05:57:18,320.839,0.0,117.86,29.592,24.9,24.8,0.093,0.508,3.256,4.927,0.54,
2025-05-29 05:57:19,321.257,0.0,123.8,44.853,25.0,24.8,0.098,0.626,3.256,4.914,0.54,
2025-05-29 05:57:20,320.652,0.0,128.0,14.638,25.0,24.7,0.088,0.617,3.256,4.92,0.54,
2025-05-29 05:57:21,320.724,0.0,131.7,11.59,25.0,24.7,0.095,0.584,3.257,4.925,0.54,
2025-05-29 05:57:22,321.235,0.0,134.5,0.29529,24.9,24.8,0.095,0.452,3.257,4.931,0.54,
2025-05-29 05:57:23,320.861,0.0,136.65,1.8245,25.0,24.9,0.094,0.464,3.256,4.935,0.54,
2025-05-29 05:57:24,321.07,0.0,139.01,24.71,25.1,24.8,0.098,0.531,3.256,4.931,0.54,
2025-05-29 05:57:25,320.63,0.0,139.46,-8.8482,25.1,24.6,0.09,0.433,3.257,4.938,0.54,
2025-05-29 05:57:26,320.817,0.0,140.63,9.4599,25.0,24.9,0.094,0.428,3.256,4.935,0.54,
2025-05-29 05:57:27,321.301,0.0,141.48,16.167,24.8,24.7,0.094,0.429,3.257,4.938,0.54,
2025-05-29 05:57:28,321.279,0.0,141.74,-5.1781,25.1,24.8,0.094,0.466,3.254,4.936,0.54,
2025-05-29 05:57:29,321.235,0.0,142.13,-9.7552,24.9,24.7,0.099,0.513,3.257,4.938,0.54,
2025-05-29 05:57:30,321.114,0.0,144.0,18.308,25.0,24.7,0.094,0.422,3.257,4.942,0.342,TORQUE_CHANGE
2025-05-29 05:57:31,321.026,0.0,143.12,-12.814,24.9,24.6,0.095,0.45,3.256,4.938,0.342,
2025-05-29 05:57:32,321.026,0.0,143.12,-12.814,24.9,24.6,0.095,0.45,3.256,4.938,0.342,
2025-05-29 05:57:33,321.279,0.0,143.38,-7.319,24.9,24.8,0.095,0.535,3.257,4.938,0.342,
2025-05-29 05:57:34,320.977,0.0,143.52,-14.037,24.9,24.7,0.096,0.499,3.254,4.935,0.342,
2025-05-29 05:57:35,320.999,0.0,143.96,6.7073,25.1,24.6,0.095,0.546,3.257,4.936,0.342,
2025-05-29 05:57:36,321.257,0.0,143.65,-14.037,25.1,24.7,0.094,0.543,3.254,4.933,0.342,
2025-05-29 05:57:37,321.048,0.0,145.25,48.206,24.9,24.8,0.095,0.482,3.257,4.938,0.342,
2025-05-29 05:57:38,320.702,0.0,143.82,-12.814,25.3,24.8,0.096,0.535,3.256,4.936,0.342,
2025-05-29 05:57:39,321.092,0.0,145.48,48.512,25.0,24.8,0.093,0.374,3.256,4.958,0.342,
2025-05-29 05:57:40,320.999,0.0,142.04,-0.29529,25.0,24.8,0.096,0.431,3.256,4.955,0.342,
2025-05-29 05:57:41,320.977,0.0,140.17,-24.098,25.1,24.8,0.096,0.417,3.257,4.953,0.342,
2025-05-29 05:57:42,321.141,0.0,139.79,-15.25,24.9,24.8,0.094,0.501,3.257,4.94,0.342,
2025-05-29 05:57:43,321.35,0.0,140.67,10.979,25.1,24.8,0.097,0.495,3.256,4.938,0.342,
2025-05-29 05:57:44,320.955,0.0,141.44,16.779,25.1,24.8,0.091,0.504,3.257,4.942,0.342,
2025-05-29 05:57:45,321.07,0.0,142.38,34.781,25.0,24.8,0.094,0.524,3.256,4.94,0.342,
2025-05-29 05:57:46,321.279,0.0,143.21,44.241,24.9,24.8,0.093,0.541,3.256,4.935,0.342,
2025-05-29 05:57:47,321.279,0.0,142.34,-5.484,24.9,24.8,0.095,0.509,3.257,4.942,0.342,
2025-05-29 05:57:48,321.207,0.0,142.38,-8.5424,25.0,24.8,0.097,0.488,3.256,4.938,0.342,
2025-05-29 05:57:49,320.977,0.0,144.0,51.876,25.1,24.8,0.088,0.474,3.257,4.946,0.342,
2025-05-29 05:57:50,321.141,0.0,143.74,43.028,25.1,24.8,0.095,0.498,3.257,4.944,0.342,
2025-05-29 05:57:51,321.185,0.0,142.3,-13.731,24.9,24.8,0.095,0.495,3.257,4.944,0.342,
2025-05-29 05:57:52,321.185,0.0,142.25,-12.814,25.1,24.9,0.095,0.493,3.257,4.94,0.342,
2025-05-29 05:57:53,321.185,0.0,142.86,10.673,25.1,24.8,0.098,0.477,3.256,4.944,0.342,
2025-05-29 05:57:54,320.999,0.0,142.25,-10.367,25.1,24.8,0.092,0.495,3.257,4.944,0.342,
2025-05-29 05:57:55,320.839,0.0,142.51,-6.4015,25.3,24.8,0.095,0.464,3.256,4.947,0.342,
2025-05-29 05:57:56,320.905,0.0,142.43,-6.7073,24.9,24.8,0.095,0.489,3.259,4.94,0.342,
2025-05-29 05:57:57,321.257,0.0,142.25,-11.896,25.1,24.8,0.095,0.48,3.257,4.947,0.342,
2025-05-29 05:57:58,321.207,0.0,142.43,-8.5424,25.1,24.8,0.097,0.546,3.256,4.94,0.342,
2025-05-29 05:57:59,320.977,0.0,142.21,-16.167,25.2,24.9,0.095,0.444,3.256,4.951,0.342,
2025-05-29 05:58:00,320.746,0.0,143.82,52.182,25.0,24.9,0.095,0.495,3.257,4.944,0.078,TORQUE_CHANGE
2025-05-29 05:58:01,320.905,0.0,142.08,-17.085,25.1,24.9,0.096,0.535,3.257,4.938,0.078,
2025-05-29 05:58:02,320.905,0.0,142.08,-17.085,25.1,24.9,0.096,0.535,3.257,4.938,0.078,
2025-05-29 05:58:03,320.955,0.0,142.08,-18.308,25.1,24.8,0.094,0.464,3.256,4.949,0.078,
2025-05-29 05:58:04,320.768,0.0,142.08,-11.284,25.2,24.8,0.096,0.505,3.257,4.94,0.078,
2025-05-29 05:58:05,320.955,0.0,142.04,-13.119,25.1,24.9,0.097,0.477,3.256,4.947,0.078,
2025-05-29 05:58:06,320.79,0.0,142.6,6.7073,25.0,24.8,0.096,0.502,3.257,4.94,0.078,
2025-05-29 05:58:07,321.207,0.0,142.21,-12.508,25.1,24.8,0.098,0.489,3.257,4.949,0.078,
2025-05-29 05:58:08,321.141,0.0,142.25,-11.284,25.0,24.8,0.092,0.502,3.257,4.938,0.078,
2025-05-29 05:58:09,321.301,0.0,142.25,-13.119,25.1,24.9,0.096,0.48,3.254,4.944,0.078,
2025-05-29 05:58:10,321.048,0.0,142.3,-13.425,25.1,24.9,0.096,0.475,3.256,4.942,0.078,
2025-05-29 05:58:11,320.746,0.0,142.3,-12.202,25.1,25.0,0.096,0.458,3.257,4.951,0.078,
2025-05-29 05:58:12,320.581,0.0,143.43,36.922,25.2,24.8,0.099,0.504,3.257,4.94,0.078,
2025-05-29 05:58:13,320.839,0.0,142.65,9.4599,25.3,24.8,0.09,0.455,3.257,4.947,0.078,
2025-05-29 05:58:14,320.839,0.0,142.04,-10.061,25.1,24.9,0.095,0.508,3.257,4.942,0.078,
2025-05-29 05:58:15,320.768,0.0,143.21,32.039,25.1,24.8,0.095,0.474,3.257,4.946,0.078,
2025-05-29 05:58:16,320.955,0.0,142.25,-9.4599,25.1,24.8,0.096,0.509,3.257,4.944,0.078,
2025-05-29 05:58:17,321.257,0.0,142.25,-10.979,25.3,24.9,0.099,0.47,3.257,4.946,0.078,
2025-05-29 05:58:18,321.301,0.0,142.21,-13.731,25.1,24.6,0.094,0.505,3.257,4.942,0.078,
2025-05-29 05:58:19,321.279,0.0,142.95,13.119,25.1,24.9,0.095,0.441,3.257,4.944,0.078,
2025-05-29 05:58:20,320.883,0.0,142.21,-15.861,25.1,24.9,0.096,0.507,3.257,4.94,0.078,
2025-05-29 05:58:21,320.768,0.0,143.21,27.768,25.4,25.0,0.096,0.514,3.257,4.942,0.078,
2025-05-29 05:58:22,320.839,0.0,142.17,-14.638,25.3,24.7,0.097,0.432,3.256,4.947,0.078,
2025-05-29 05:58:23,321.07,0.0,142.21,-9.7552,25.3,24.9,0.095,0.459,3.257,4.946,0.078,
2025-05-29 05:58:24,320.999,0.0,142.38,-7.9307,25.2,24.9,0.094,0.45,3.257,4.947,0.078,
2025-05-29 05:58:25,321.07,0.0,142.25,-13.119,25.0,24.9,0.095,0.521,3.257,4.938,0.078,
2025-05-29 05:58:26,321.207,0.0,142.08,-15.25,25.2,25.0,0.098,0.435,3.256,4.944,0.078,
2025-05-29 05:58:27,321.301,0.0,142.21,-11.896,25.3,24.8,0.093,0.486,3.256,4.938,0.078,
2025-05-29 05:58:28,321.279,0.0,143.38,34.169,25.2,25.0,0.096,0.388,3.256,4.947,0.078,
2025-05-29 05:58:29,321.048,0.0,143.78,50.347,25.3,24.9,0.095,0.504,3.257,4.938,0.078,
2025-05-29 05:58:30,320.905,0.0,143.04,18.308,25.3,25.0,0.098,0.464,3.257,4.942,0.023,TORQUE_CHANGE
2025-05-29 05:58:31,321.141,0.0,142.3,-8.5424,25.3,24.8,0.09,0.378,3.257,4.951,0.023,
2025-05-29 05:58:32,321.141,0.0,142.3,-8.5424,25.3,24.8,0.09,0.378,3.257,4.951,0.023,
2025-05-29 05:58:33,321.235,0.0,142.13,-10.673,25.1,24.9,0.093,0.435,3.257,4.942,0.023,
2025-05-29 05:58:34,321.185,0.0,142.17,-12.814,25.0,24.9,0.095,0.464,3.257,4.944,0.023,
2025-05-29 05:58:35,321.301,0.0,141.99,-13.731,25.1,25.1,0.096,0.518,3.257,4.936,0.023,
2025-05-29 05:58:36,321.487,0.001,141.95,-16.167,25.1,25.0,0.099,0.493,3.257,4.947,0.023,
2025-05-29 05:58:37,320.999,0.0,141.91,-13.119,25.2,24.8,0.088,0.461,3.257,4.942,0.023,
2025-05-29 05:58:38,320.702,0.0,142.86,25.015,25.3,25.0,0.095,0.428,3.256,4.947,0.023,
2025-05-29 05:58:39,320.702,0.0,141.99,-13.731,25.3,24.9,0.093,0.483,3.256,4.94,0.023,
2025-05-29 05:58:40,320.861,0.0,142.21,-11.284,25.4,24.9,0.095,0.426,3.256,4.949,0.023,
2025-05-29 05:58:41,321.163,0.0,142.17,-16.473,25.2,24.9,0.099,0.485,3.257,4.94,0.023,
2025-05-29 05:58:42,321.026,0.0,142.47,-8.2365,25.1,24.8,0.094,0.495,3.256,4.944,0.023,
2025-05-29 05:58:43,321.372,0.001,143.08,17.391,25.3,25.1,0.094,0.469,3.256,4.942,0.023,
2025-05-29 05:58:44,321.185,0.0,142.21,-8.5424,25.1,25.1,0.095,0.48,3.254,4.944,0.023,
2025-05-29 05:58:45,321.443,0.001,142.13,-14.343,25.3,25.1,0.094,0.459,3.257,4.94,0.023,
2025-05-29 05:58:46,321.092,0.0,142.21,-10.367,25.3,25.1,0.097,0.48,3.256,4.947,0.023,
2025-05-29 05:58:47,320.955,0.0,142.17,-15.861,25.3,24.9,0.096,0.485,3.256,4.942,0.023,
2025-05-29 05:58:48,320.652,0.0,142.9,10.979,25.3,24.9,0.096,0.475,3.259,4.947,0.023,
2025-05-29 05:58:49,320.955,0.0,142.34,-10.673,25.1,25.1,0.095,0.473,3.257,4.946,0.023,
2025-05-29 05:58:50,320.999,0.0,143.3,29.287,25.3,25.0,0.098,0.488,3.256,4.944,0.023,
2025-05-29 05:58:51,321.323,0.0,142.04,-9.154,25.3,25.0,0.091,0.499,3.257,4.94,0.023,
2025-05-29 05:58:52,321.163,0.0,142.13,-10.673,25.1,25.1,0.096,0.51,3.256,4.94,0.023,
2025-05-29 05:58:53,321.394,0.001,142.04,-14.037,25.3,24.9,0.095,0.492,3.257,4.942,0.023,
2025-05-29 05:58:54,321.141,0.0,141.99,-16.779,25.1,25.0,0.095,0.5,3.256,4.94,0.023,
2025-05-29 05:58:55,321.35,0.0,142.21,-11.896,25.3,24.9,0.1,0.48,3.256,4.944,0.023,
2025-05-29 05:58:56,321.372,0.0,142.99,15.556,25.2,25.0,0.089,0.464,3.256,4.946,0.023,
2025-05-29 05:58:57,320.861,0.0,142.38,-10.979,25.1,25.2,0.094,0.477,3.256,4.947,0.023,
2025-05-29 05:58:58,320.724,0.0,142.3,-14.944,25.3,25.1,0.095,0.506,3.256,4.944,0.023,
2025-05-29 05:58:59,321.35,0.0,142.34,-11.284,25.3,25.1,0.095,0.475,3.257,4.947,0.023,
2025-05-29 05:59:00,321.443,0.001,142.38,-5.7898,25.3,25.0,0.089,0.474,3.257,4.946,0.202,TORQUE_CHANGE
2025-05-29 05:59:01,321.185,0.0,143.43,35.393,25.2,25.3,0.095,0.491,3.254,4.94,0.202,
2025-05-29 05:59:02,321.185,0.0,143.43,35.393,25.2,25.3,0.095,0.491,3.254,4.94,0.202,
2025-05-29 05:59:03,321.07,0.0,142.21,-14.638,25.3,25.1,0.096,0.477,3.257,4.949,0.202,
2025-05-29 05:59:04,320.674,0.0,142.65,3.0478,25.3,25.0,0.096,0.508,3.256,4.942,0.202,
2025-05-29 05:59:05,320.955,0.0,143.82,51.571,25.4,25.0,0.098,0.472,3.257,4.947,0.202,
2025-05-29 05:59:06,320.977,0.0,142.38,-2.1303,25.3,24.9,0.092,0.482,3.257,4.944,0.202,
2025-05-29 05:59:07,320.817,0.0,142.65,15.861,25.3,25.1,0.095,0.463,3.256,4.947,0.202,
2025-05-29 05:59:08,320.883,0.0,142.73,23.497,25.3,25.1,0.095,0.532,3.256,4.938,0.202,
2025-05-29 05:59:09,321.279,0.0,141.99,-9.154,25.4,25.0,0.098,0.474,3.257,4.944,0.202,
2025-05-29 05:59:10,321.487,0.001,142.47,0.60113,25.3,24.9,0.097,0.484,3.256,4.938,0.202,
2025-05-29 05:59:11,320.999,0.0,142.21,-11.59,25.3,25.0,0.095,0.479,3.257,4.946,0.202,
2025-05-29 05:59:12,321.257,0.0,142.47,1.5186,25.2,25.0,0.096,0.491,3.257,4.946,0.202,
2025-05-29 05:59:13,320.861,0.0,143.04,17.696,25.3,25.0,0.098,0.477,3.256,4.946,0.202,
2025-05-29 05:59:14,320.768,0.0,143.78,45.464,25.4,25.0,0.096,0.51,3.256,4.94,0.202,
2025-05-29 05:59:15,321.372,0.001,142.51,-6.0957,25.2,25.0,0.094,0.495,3.256,4.942,0.202,
2025-05-29 05:59:16,321.416,0.001,142.38,-10.367,25.2,25.1,0.096,0.496,3.256,4.938,0.202,
2025-05-29 05:59:17,320.999,0.0,142.9,10.061,25.3,25.0,0.096,0.457,3.257,4.953,0.202,
2025-05-29 05:59:18,320.674,0.0,142.3,-11.284,25.1,25.0,0.097,0.493,3.257,4.944,0.202,
2025-05-29 05:59:19,321.07,0.0,142.08,-10.673,25.4,24.9,0.099,0.465,3.257,4.949,0.202,
2025-05-29 05:59:20,320.652,0.0,141.95,-16.473,25.4,24.9,0.089,0.494,3.256,4.94,0.202,
2025-05-29 05:59:21,320.933,0.0,142.13,-11.284,25.3,25.2,0.093,0.5,3.257,4.946,0.202,
2025-05-29 05:59:22,321.092,0.0,142.13,-10.979,25.4,25.0,0.095,0.518,3.256,4.94,0.202,
2025-05-29 05:59:23,320.861,0.0,142.13,-14.037,25.4,25.1,0.096,0.478,3.256,4.944,0.202,
2025-05-29 05:59:24,320.905,0.0,142.73,7.6248,25.3,25.0,0.098,0.482,3.257,4.944,0.202,
2025-05-29 05:59:25,320.933,0.0,142.13,-14.944,25.4,24.9,0.089,0.482,3.257,4.946,0.202,
2025-05-29 05:59:26,321.301,0.0,142.04,-14.638,25.3,25.1,0.095,0.446,3.257,4.946,0.202,
2025-05-29 05:59:27,320.839,0.0,143.12,27.462,25.3,25.1,0.095,0.446,3.257,4.946,0.202,
2025-05-29 05:59:28,321.163,0.0,142.13,-14.343,25.3,25.1,0.095,0.514,3.257,4.944,0.202,
2025-05-29 05:59:29,321.531,0.001,142.04,-18.614,25.3,25.2,0.099,0.456,3.257,4.94,0.202,
2025-05-29 05:59:30,321.235,0.0,142.04,-15.861,25.3,25.2,0.095,0.441,3.256,4.944,0.571,TORQUE_CHANGE
2025-05-29 05:59:31,321.163,0.0,141.86,-17.085,25.2,25.2,0.096,0.461,3.257,4.946,0.571,
2025-05-29 05:59:32,321.163,0.0,141.86,-17.085,25.2,25.2,0.096,0.461,3.257,4.946,0.571,
2025-05-29 05:59:33,321.257,0.0,142.47,2.742,25.5,25.1,0.095,0.498,3.257,4.938,0.571,
2025-05-29 05:59:34,321.185,0.0,143.38,33.568,25.3,25.1,0.096,0.424,3.256,4.944,0.571,
2025-05-29 05:59:35,321.185,0.0,142.34,-10.061,25.4,25.2,0.096,0.417,3.256,4.94,0.571,
2025-05-29 05:59:36,320.861,0.0,142.17,-15.25,25.4,25.0,0.095,0.445,3.256,4.947,0.571,
2025-05-29 05:59:37,320.746,0.0,142.25,-13.119,25.3,25.2,0.095,0.454,3.257,4.944,0.571,
2025-05-29 05:59:38,320.955,0.0,142.9,13.119,25.5,25.1,0.096,0.395,3.256,4.949,0.571,
2025-05-29 05:59:39,321.257,0.0,143.74,53.701,25.4,25.1,0.094,0.427,3.256,4.944,0.571,
2025-05-29 05:59:40,321.394,0.001,142.21,-12.814,25.3,25.3,0.095,0.452,3.256,4.949,0.571,
2025-05-29 05:59:41,321.443,0.001,142.3,-11.284,25.3,25.3,0.095,0.446,3.256,4.94,0.571,
2025-05-29 05:59:42,321.394,0.0,143.48,36.616,25.3,25.2,0.095,0.461,3.256,4.944,0.571,
2025-05-29 05:59:43,321.235,0.0,143.38,36.004,25.4,25.3,0.098,0.449,3.256,4.94,0.571,
2025-05-29 05:59:44,321.207,0.0,142.21,-9.154,25.4,25.2,0.089,0.395,3.256,4.949,0.571,
2025-05-29 05:59:45,320.955,0.0,142.17,-12.202,25.5,25.3,0.094,0.456,3.257,4.944,0.571,
2025-05-29 05:59:46,320.955,0.0,142.34,-4.2712,25.4,25.3,0.095,0.456,3.257,4.947,0.571,
2025-05-29 05:59:47,321.207,0.0,142.04,-12.814,25.5,25.2,0.095,0.54,3.256,4.94,0.571,
2025-05-29 05:59:48,321.141,0.0,142.04,-14.343,25.5,25.2,0.098,0.524,3.257,4.946,0.571,
2025-05-29 05:59:49,320.603,0.0,142.3,-11.896,25.4,25.1,0.089,0.459,3.256,4.944,0.571,
2025-05-29 05:59:50,320.702,0.0,142.21,-14.343,25.4,25.2,0.096,0.466,3.257,4.949,0.571,
2025-05-29 05:59:51,321.235,0.0,142.21,-14.638,25.3,25.1,0.096,0.472,3.257,4.944,0.571,
2025-05-29 05:59:52,321.443,0.001,142.21,-12.508,25.4,25.1,0.096,0.496,3.257,4.942,0.571,
2025-05-29 05:59:53,321.465,0.001,143.6,41.805,25.4,25.2,0.098,0.493,3.256,4.938,0.571,
2025-05-29 05:59:54,321.163,0.0,142.04,-19.215,25.3,25.1,0.092,0.484,3.256,4.942,0.571,
2025-05-29 05:59:55,320.861,0.0,143.87,52.182,25.4,25.3,0.095,0.455,3.256,4.944,0.571,
2025-05-29 05:59:56,321.114,0.0,141.99,-15.556,25.3,25.3,0.095,0.438,3.257,4.949,0.571,
2025-05-29 05:59:57,321.207,0.0,142.21,-7.6248,25.6,25.3,0.093,0.468,3.257,4.946,0.571,
2025-05-29 05:59:58,321.026,0.0,142.69,8.5424,25.4,25.3,0.095,0.421,3.257,4.953,0.571,
2025-05-29 05:59:59,320.861,0.0,142.13,-11.59,25.5,25.1,0.096,0.502,3.256,4.944,0.571,
2025-05-29 06:00:00,320.674,0.0,142.34,-6.0957,25.4,25.1,0.095,0.483,3.256,4.944,0.657,TORQUE_CHANGE
2025-05-29 06:00:01,320.905,0.0,142.25,-12.508,25.4,25.3,0.098,0.492,3.257,4.946,0.657,
2025-05-29 06:00:02,320.905,0.0,142.25,-12.508,25.4,25.3,0.098,0.492,3.257,4.946,0.657,
2025-05-29 06:00:03,321.235,0.0,142.3,-13.425,25.3,25.1,0.095,0.506,3.257,4.946,0.657,
2025-05-29 06:00:04,321.207,0.0,142.3,-9.7552,25.4,25.1,0.095,0.485,3.256,4.942,0.657,
2025-05-29 06:00:05,321.301,0.0,142.25,-7.6248,25.4,25.3,0.095,0.472,3.254,4.942,0.657,
2025-05-29 06:00:06,321.465,0.001,142.13,-10.673,25.4,25.2,0.095,0.516,3.256,4.938,0.657,
2025-05-29 06:00:07,321.35,0.0,142.13,-12.508,25.5,25.2,0.098,0.461,3.257,4.946,0.657,
2025-05-29 06:00:08,321.323,0.0,141.99,-14.944,25.4,25.2,0.089,0.496,3.256,4.94,0.657,
2025-05-29 06:00:09,321.207,0.0,142.25,-5.484,25.4,25.4,0.095,0.462,3.256,4.947,0.657,
2025-05-29 06:00:10,321.163,0.0,143.08,22.579,25.4,25.2,0.095,0.484,3.256,4.942,0.657,
2025-05-29 06:00:11,321.163,0.0,142.08,-12.202,25.5,25.2,0.095,0.491,3.257,4.946,0.657,
2025-05-29 06:00:12,321.257,0.0,142.25,-1.2128,25.4,25.3,0.098,0.499,3.256,4.946,0.657,
2025-05-29 06:00:13,321.235,0.0,142.04,-14.638,25.4,25.3,0.09,0.457,3.256,4.944,0.657,
2025-05-29 06:00:14,321.394,0.001,141.99,-14.037,25.4,25.3,0.096,0.484,3.254,4.938,0.657,
2025-05-29 06:00:15,321.581,0.001,141.82,-14.944,25.3,25.3,0.096,0.486,3.256,4.94,0.657,
2025-05-29 06:00:16,320.905,0.0,141.99,-10.673,25.5,25.1,0.095,0.48,3.257,4.942,0.657,
2025-05-29 06:00:17,320.603,0.0,142.17,-9.154,25.5,25.2,0.1,0.49,3.256,4.946,0.657,
2025-05-29 06:00:18,320.933,0.0,141.99,-14.037,25.4,25.2,0.093,0.528,3.256,4.936,0.657,
2025-05-29 06:00:19,320.999,0.0,142.86,12.814,25.6,25.2,0.095,0.475,3.257,4.946,0.657,
2025-05-29 06:00:20,321.207,0.0,142.38,-9.154,25.4,25.1,0.097,0.46,3.257,4.944,0.657,
2025-05-29 06:00:21,321.235,0.0,142.51,-11.59,25.6,25.4,0.098,0.496,3.256,4.942,0.657,
2025-05-29 06:00:22,320.79,0.0,142.47,-14.638,25.4,25.3,0.097,0.537,3.256,4.94,0.657,
2025-05-29 06:00:23,321.207,0.0,143.43,25.933,25.4,25.3,0.096,0.438,3.257,4.949,0.657,
2025-05-29 06:00:24,321.372,0.001,142.34,-12.202,25.4,25.3,0.097,0.488,3.256,4.942,0.657,
2025-05-29 06:00:25,320.955,0.0,142.17,-14.037,25.5,25.1,0.096,0.469,3.256,4.946,0.657,
2025-05-29 06:00:26,320.537,0.0,142.95,16.779,25.5,25.1,0.097,0.518,3.256,4.942,0.657,
2025-05-29 06:00:27,320.702,0.0,142.17,-13.731,25.4,25.1,0.092,0.474,3.257,4.946,0.657,
2025-05-29 06:00:28,320.883,0.0,143.74,47.605,25.5,25.3,0.096,0.485,3.257,4.942,0.657,
2025-05-29 06:00:29,320.839,0.0,142.21,-10.673,25.3,25.1,0.096,0.467,3.257,4.946,0.657,
2025-05-29 06:00:30,321.257,0.0,142.73,20.744,25.4,25.1,0.099,0.489,3.257,4.944,0.546,TORQUE_CHANGE
2025-05-29 06:00:31,320.883,0.0,142.17,-7.6248,25.5,25.1,0.09,0.481,3.257,4.944,0.546,
2025-05-29 06:00:32,320.883,0.0,142.17,-7.6248,25.5,25.1,0.09,0.481,3.257,4.944,0.546,
2025-05-29 06:00:33,320.933,0.0,142.21,-12.508,25.4,25.4,0.093,0.428,3.256,4.947,0.546,
2025-05-29 06:00:34,321.416,0.001,142.77,6.4015,25.5,25.2,0.094,0.482,3.257,4.944,0.546,
2025-05-29 06:00:35,321.674,0.001,142.3,-10.061,25.5,25.3,0.096,0.496,3.256,4.94,0.546,
2025-05-29 06:00:36,321.323,0.0,142.21,-13.425,25.5,25.3,0.099,0.417,3.256,4.947,0.546,
2025-05-29 06:00:37,320.861,0.0,142.21,-12.508,25.6,25.1,0.09,0.453,3.257,4.942,0.546,
2025-05-29 06:00:38,320.768,0.0,142.43,-7.9307,25.5,25.4,0.095,0.471,3.257,4.947,0.546,
2025-05-29 06:00:39,321.114,0.0,142.34,-10.979,25.4,25.3,0.095,0.522,3.256,4.936,0.546,
2025-05-29 06:00:40,321.465,0.001,142.3,-11.896,25.5,25.3,0.095,0.475,3.256,4.944,0.546,
2025-05-29 06:00:41,320.883,0.0,142.34,-11.59,25.6,25.3,0.098,0.488,3.256,4.942,0.546,
2025-05-29 06:00:42,320.861,0.0,142.21,-14.944,25.4,25.1,0.093,0.394,3.257,4.951,0.546,
2025-05-29 06:00:43,320.79,0.0,142.3,-7.6248,25.5,25.1,0.094,0.466,3.256,4.944,0.546,
2025-05-29 06:00:44,320.861,0.0,142.21,-12.814,25.4,25.1,0.095,0.377,3.257,4.951,0.546,
2025-05-29 06:00:45,321.07,0.0,143.74,47.299,25.4,25.3,0.094,0.529,3.257,4.938,0.546,
2025-05-29 06:00:46,321.207,0.0,142.6,4.8723,25.5,25.3,0.097,0.433,3.257,4.947,0.546,
2025-05-29 06:00:47,321.092,0.0,142.17,-8.5424,25.6,25.3,0.094,0.419,3.256,4.942,0.546,
2025-05-29 06:00:48,321.026,0.0,142.17,-7.0132,25.4,25.3,0.095,0.4,3.257,4.946,0.546,
2025-05-29 06:00:49,321.207,0.0,143.7,49.735,25.4,25.3,0.095,0.449,3.254,4.942,0.546,
2025-05-29 06:00:50,321.394,0.001,141.99,-17.696,25.6,25.3,0.097,0.409,3.256,4.946,0.546,
2025-05-29 06:00:51,321.443,0.001,143.74,51.876,25.6,25.3,0.09,0.5,3.256,4.942,0.546,
2025-05-29 06:00:52,321.35,0.001,142.21,-6.4015,25.5,25.3,0.093,0.424,3.256,4.946,0.546,
2025-05-29 06:00:53,321.092,0.0,143.16,28.38,25.6,25.3,0.094,0.491,3.256,4.938,0.546,
2025-05-29 06:00:54,321.394,0.001,142.25,-6.4015,25.5,25.3,0.096,0.443,3.256,4.947,0.546,
2025-05-29 06:00:55,321.465,0.001,142.47,-3.0478,25.5,25.3,0.098,0.478,3.256,4.94,0.546,
2025-05-29 06:00:56,320.933,0.0,143.34,27.156,25.6,25.2,0.09,0.495,3.257,4.947,0.546,
2025-05-29 06:00:57,320.746,0.0,143.08,15.556,25.6,25.5,0.094,0.485,3.256,4.944,0.546,
2025-05-29 06:00:58,320.746,0.0,143.7,46.994,25.5,25.3,0.095,0.466,3.257,4.946,0.546,
2025-05-29 06:00:59,321.048,0.0,142.21,-13.425,25.6,25.2,0.095,0.48,3.257,4.946,0.546,
2025-05-29 06:01:00,321.141,0.0,142.13,-14.343,25.5,25.3,0.088,0.502,3.256,4.94,0.781,TORQUE_CHANGE
2025-05-29 06:01:01,321.416,0.001,143.6,44.547,25.6,25.4,0.095,0.462,3.256,4.944,0.781,
2025-05-29 06:01:02,321.416,0.001,143.6,44.547,25.6,25.4,0.095,0.462,3.256,4.944,0.781,
2025-05-29 06:01:03,321.487,0.001,142.99,18.614,25.4,25.4,0.096,0.441,3.257,4.947,0.781,
2025-05-29 06:01:04,321.185,0.0,143.34,32.345,25.6,25.3,0.096,0.424,3.256,4.949,0.781,
2025-05-29 06:01:05,321.07,0.0,142.13,-14.037,25.6,25.3,0.099,0.552,3.256,4.94,0.781,
2025-05-29 06:01:06,320.933,0.0,142.25,-6.4015,25.5,25.3,0.092,0.433,3.256,4.944,0.781,
2025-05-29 06:01:07,320.861,0.0,142.34,-4.2712,25.5,25.3,0.096,0.467,3.257,4.946,0.781,
2025-05-29 06:01:08,320.839,0.0,142.21,-6.0957,25.4,25.2,0.095,0.475,3.257,4.946,0.781,
2025-05-29 06:01:09,320.603,0.0,143.04,26.239,25.7,25.3,0.095,0.494,3.257,4.946,0.781,
2025-05-29 06:01:10,320.537,0.0,142.21,-12.814,25.4,25.2,0.097,0.452,3.257,4.947,0.781,
2025-05-29 06:01:11,320.817,0.0,143.26,28.38,25.6,25.2,0.095,0.466,3.256,4.947,0.781,
2025-05-29 06:01:12,321.163,0.0,142.99,16.167,25.5,25.4,0.096,0.471,3.257,4.946,0.781,
2025-05-29 06:01:13,321.279,0.0,142.25,-14.343,25.5,25.3,0.095,0.486,3.256,4.946,0.781,
2025-05-29 06:01:14,321.185,0.0,143.34,31.733,25.6,25.4,0.097,0.481,3.256,4.942,0.781,
2025-05-29 06:01:15,321.35,0.0,142.04,-13.731,25.4,25.4,0.094,0.458,3.256,4.949,0.781,
2025-05-29 06:01:16,321.235,0.0,142.25,-5.484,25.6,25.5,0.096,0.472,3.256,4.946,0.781,
2025-05-29 06:01:17,321.092,0.0,142.13,-14.343,25.6,25.3,0.095,0.482,3.256,4.946,0.781,
2025-05-29 06:01:18,321.07,0.0,141.99,-14.343,25.4,25.6,0.097,0.486,3.256,4.944,0.781,
2025-05-29 06:01:19,321.114,0.0,141.99,-14.944,25.6,25.5,0.097,0.479,3.257,4.949,0.781,
2025-05-29 06:01:20,320.955,0.0,142.04,-14.343,25.6,25.3,0.088,0.498,3.256,4.942,0.781,
2025-05-29 06:01:21,320.724,0.0,142.17,-10.979,25.6,25.4,0.096,0.471,3.256,4.949,0.781,
2025-05-29 06:01:22,320.79,0.0,142.04,-20.744,25.6,25.3,0.098,0.51,3.257,4.942,0.781,
2025-05-29 06:01:23,320.999,0.0,142.3,-9.4599,25.6,25.4,0.096,0.457,3.257,4.947,0.781,
2025-05-29 06:01:24,320.933,0.0,142.34,-10.673,25.6,25.4,0.098,0.517,3.257,4.946,0.781,
2025-05-29 06:01:25,320.861,0.0,143.56,38.441,25.6,25.3,0.088,0.464,3.256,4.947,0.781,
2025-05-29 06:01:26,321.235,0.0,142.21,-16.473,25.7,25.4,0.094,0.477,3.254,4.938,0.781,
2025-05-29 06:01:27,321.35,0.0,142.13,-14.638,25.6,25.4,0.096,0.428,3.257,4.951,0.781,
2025-05-29 06:01:28,321.141,0.0,143.65,49.43,25.7,25.4,0.098,0.479,3.257,4.944,0.781,
2025-05-29 06:01:29,321.35,0.001,141.91,-11.284,25.6,25.3,0.099,0.475,3.254,4.944,0.781,
2025-05-29 06:01:30,320.768,0.0,141.99,-13.425,25.6,25.4,0.095,0.436,3.257,4.951,0.501,TORQUE_CHANGE
2025-05-29 06:01:31,320.724,0.0,142.17,-6.0957,25.6,25.3,0.095,0.482,3.257,4.944,0.501,
2025-05-29 06:01:32,320.724,0.0,142.17,-6.0957,25.6,25.3,0.095,0.482,3.257,4.944,0.501,
2025-05-29 06:01:33,321.048,0.0,143.74,49.124,25.7,25.4,0.097,0.46,3.257,4.949,0.501,
2025-05-29 06:01:34,321.114,0.0,142.25,-14.343,25.6,25.3,0.098,0.483,3.257,4.94,0.501,
2025-05-29 06:01:35,321.394,0.001,142.38,-10.061,25.5,25.4,0.095,0.464,3.256,4.944,0.501,
2025-05-29 06:01:36,320.933,0.0,142.38,-9.154,25.7,25.3,0.096,0.469,3.257,4.942,0.501,
2025-05-29 06:01:37,320.768,0.0,143.6,38.441,25.5,25.3,0.095,0.492,3.257,4.946,0.501,
2025-05-29 06:01:38,321.07,0.0,142.86,8.8482,25.7,25.5,0.098,0.464,3.256,4.946,0.501,
2025-05-29 06:01:39,321.163,0.0,142.08,-11.284,25.5,25.3,0.095,0.464,3.256,4.944,0.501,
2025-05-29 06:01:40,321.257,0.0,142.17,-13.119,25.7,25.4,0.093,0.486,3.256,4.94,0.501,
2025-05-29 06:01:41,321.235,0.0,142.95,18.308,25.6,25.3,0.095,0.458,3.256,4.942,0.501,
2025-05-29 06:01:42,321.114,0.0,142.17,-12.508,25.5,25.5,0.094,0.438,3.257,4.947,0.501,
2025-05-29 06:01:43,321.092,0.0,143.38,34.475,25.7,25.3,0.099,0.481,3.257,4.942,0.501,
2025-05-29 06:01:44,320.746,0.0,142.25,-10.367,25.6,25.3,0.089,0.435,3.257,4.947,0.501,
2025-05-29 06:01:45,320.51,0.0,142.17,-13.119,25.6,25.4,0.096,0.483,3.257,4.944,0.501,
2025-05-29 06:01:46,320.488,0.0,142.17,-14.638,25.5,25.3,0.094,0.431,3.257,4.949,0.501,
2025-05-29 06:01:47,320.999,0.0,142.43,7.6248,25.5,25.3,0.095,0.436,3.257,4.942,0.501,
2025-05-29 06:01:48,320.933,0.0,141.99,-7.319,25.7,25.4,0.098,0.415,3.257,4.946,0.501,
2025-05-29 06:01:49,321.07,0.0,141.99,-13.731,25.7,25.3,0.088,0.5,3.257,4.94,0.501,
2025-05-29 06:01:50,320.999,0.0,143.26,27.156,25.7,25.4,0.095,0.422,3.257,4.946,0.501,
2025-05-29 06:01:51,320.861,0.0,143.65,50.959,25.6,25.3,0.094,0.468,3.257,4.947,0.501,
2025-05-29 06:01:52,321.487,0.001,142.73,16.779,25.7,25.4,0.096,0.475,3.257,4.944,0.501,
2025-05-29 06:01:53,321.207,0.0,142.25,-3.3537,25.6,25.4,0.098,0.424,3.256,4.944,0.501,
2025-05-29 06:01:54,321.207,0.0,142.25,-3.3537,25.6,25.3,0.093,0.396,3.256,4.947,0.501,
2025-05-29 06:01:55,321.394,0.001,143.65,43.028,25.6,25.5,0.094,0.422,3.256,4.944,0.501,
2025-05-29 06:01:56,320.955,0.0,142.21,-14.343,25.6,25.3,0.094,0.438,3.257,4.946,0.501,
2025-05-29 06:01:57,320.905,0.0,142.34,-7.9307,25.6,25.4,0.096,0.511,3.257,4.936,0.501,
2025-05-29 06:01:58,320.977,0.0,143.34,31.733,25.6,25.4,0.096,0.466,3.257,4.947,0.501,
2025-05-29 06:01:59,321.092,0.0,142.3,-12.508,25.7,25.4,0.095,0.47,3.257,4.94,0.501,
2025-05-29 06:02:00,320.603,0.0,142.08,-21.356,25.6,25.3,0.095,0.479,3.256,4.944,0.161,TORQUE_CHANGE
2025-05-29 06:02:01,320.839,0.0,142.65,5.484,25.6,25.4,0.096,0.469,3.257,4.949,0.161,
2025-05-29 06:02:02,320.839,0.0,142.65,5.484,25.6,25.4,0.096,0.469,3.257,4.949,0.161,
2025-05-29 06:02:03,320.861,0.0,141.95,-17.696,25.7,25.4,0.093,0.518,3.256,4.938,0.161,
2025-05-29 06:02:04,320.674,0.0,142.55,2.4362,25.6,25.4,0.095,0.469,3.256,4.947,0.161,
2025-05-29 06:02:05,320.839,0.0,142.21,-11.284,25.6,25.3,0.095,0.437,3.257,4.944,0.161,
2025-05-29 06:02:06,321.235,0.0,143.87,50.041,25.4,25.4,0.096,0.513,3.257,4.946,0.161,
2025-05-29 06:02:07,321.301,0.0,143.34,29.287,25.7,25.4,0.098,0.507,3.256,4.938,0.161,
2025-05-29 06:02:08,321.185,0.0,142.69,2.1303,25.7,25.3,0.088,0.417,3.256,4.951,0.161,
2025-05-29 06:02:09,320.999,0.0,142.3,-11.284,25.7,25.4,0.095,0.461,3.257,4.944,0.161,
2025-05-29 06:02:10,320.702,0.0,142.55,-0.29529,25.6,25.3,0.095,0.472,3.256,4.949,0.161,
2025-05-29 06:02:11,320.603,0.0,142.73,7.0132,25.5,25.3,0.096,0.452,3.257,4.947,0.161,
2025-05-29 06:02:12,320.79,0.0,142.08,-12.814,25.6,25.3,0.098,0.45,3.257,4.949,0.161,
2025-05-29 06:02:13,320.702,0.0,142.3,-6.0957,25.6,25.4,0.09,0.466,3.256,4.946,0.161,
2025-05-29 06:02:14,320.955,0.0,142.13,-12.814,25.7,25.4,0.095,0.454,3.256,4.946,0.161,
2025-05-29 06:02:15,320.883,0.0,142.25,-8.8482,25.6,25.3,0.095,0.488,3.256,4.946,0.161,
2025-05-29 06:02:16,321.141,0.0,142.21,-11.896,25.6,25.4,0.095,0.49,3.257,4.944,0.161,
2025-05-29 06:02:17,321.207,0.0,142.34,-10.061,25.5,25.3,0.099,0.468,3.257,4.944,0.161,
2025-05-29 06:02:18,321.114,0.0,141.95,-17.696,25.6,25.4,0.091,0.482,3.256,4.94,0.161,
2025-05-29 06:02:19,321.301,0.0,141.99,-11.284,25.7,25.4,0.096,0.485,3.257,4.946,0.161,
2025-05-29 06:02:20,321.603,0.001,141.99,-16.473,25.6,25.4,0.095,0.508,3.256,4.942,0.161,
2025-05-29 06:02:21,321.048,0.0,142.25,-9.154,25.8,25.5,0.096,0.499,3.256,4.944,0.161,
2025-05-29 06:02:22,321.141,0.0,142.3,-10.061,25.7,25.4,0.098,0.48,3.254,4.942,0.161,
2025-05-29 06:02:23,321.114,0.0,143.82,49.43,25.7,25.4,0.094,0.497,3.257,4.946,0.161,
2025-05-29 06:02:24,321.207,0.0,142.86,9.4599,25.5,25.4,0.095,0.51,3.256,4.946,0.161,
2025-05-29 06:02:25,320.883,0.0,143.12,23.497,25.6,25.3,0.096,0.488,3.257,4.946,0.161,
2025-05-29 06:02:26,320.79,0.0,142.38,-5.1781,25.7,25.3,0.095,0.511,3.256,4.944,0.161,
2025-05-29 06:02:27,320.933,0.0,142.13,-12.202,25.6,25.4,0.093,0.488,3.257,4.947,0.161,
2025-05-29 06:02:28,320.768,0.0,142.6,11.896,25.6,25.3,0.095,0.507,3.256,4.942,0.161,
2025-05-29 06:02:29,320.817,0.0,141.99,-10.673,25.6,25.3,0.096,0.49,3.257,4.947,0.161,
2025-05-29 06:02:30,320.817,0.0,141.99,-7.9307,25.6,25.4,0.098,0.485,3.257,4.946,0.549,TORQUE_CHANGE
2025-05-29 06:02:31,321.323,0.0,141.95,-7.9307,25.6,25.4,0.09,0.517,3.256,4.942,0.549,
2025-05-29 06:02:32,321.323,0.0,141.95,-7.9307,25.6,25.4,0.09,0.517,3.256,4.942,0.549,
2025-05-29 06:02:33,321.114,0.0,142.13,-11.896,25.6,25.7,0.096,0.473,3.256,4.944,0.549,
2025-05-29 06:02:34,321.092,0.0,142.25,-10.673,25.6,25.4,0.096,0.515,3.256,4.94,0.549,
2025-05-29 06:02:35,321.141,0.0,142.3,-12.202,25.7,25.6,0.096,0.497,3.257,4.946,0.549,
2025-05-29 06:02:36,320.817,0.0,142.82,8.8482,25.6,25.4,0.099,0.524,3.257,4.94,0.549,
2025-05-29 06:02:37,320.905,0.0,142.47,-7.9307,25.5,25.4,0.09,0.505,3.257,4.944,0.549,
2025-05-29 06:02:38,321.257,0.0,143.38,30.204,25.6,25.5,0.093,0.49,3.256,4.938,0.549,
2025-05-29 06:02:39,321.163,0.0,142.73,4.577,25.7,25.4,0.096,0.466,3.257,4.951,0.549,
2025-05-29 06:02:40,320.839,0.0,142.21,-13.425,25.7,25.4,0.096,0.524,3.257,4.942,0.549,
2025-05-29 06:02:41,320.724,0.0,142.21,-16.473,25.7,25.3,0.1,0.46,3.257,4.947,0.549,
2025-05-29 06:02:42,320.861,0.0,142.65,7.319,25.6,25.3,0.092,0.461,3.257,4.946,0.549,
2025-05-29 06:02:43,320.817,0.0,142.25,-6.0957,25.7,25.4,0.095,0.472,3.257,4.947,0.549,
2025-05-29 06:02:44,320.883,0.0,143.08,23.803,25.4,25.4,0.096,0.489,3.257,4.94,0.549,
2025-05-29 06:02:45,320.955,0.0,142.25,-11.59,25.7,25.4,0.095,0.481,3.257,4.944,0.549,
2025-05-29 06:02:46,321.35,0.0,142.38,-8.5424,25.6,25.4,0.097,0.486,3.256,4.942,0.549,
2025-05-29 06:02:47,321.487,0.001,142.08,-21.662,25.7,25.4,0.096,0.427,3.257,4.951,0.549,
2025-05-29 06:02:48,321.323,0.0,142.38,-9.4599,25.5,25.5,0.095,0.452,3.257,4.946,0.549,
2025-05-29 06:02:49,320.933,0.0,142.17,-15.556,25.6,25.4,0.094,0.431,3.257,4.947,0.549,
2025-05-29 06:02:50,320.79,0.0,141.99,-20.133,25.7,25.4,0.096,0.43,3.256,4.951,0.549,
2025-05-29 06:02:51,321.141,0.0,143.12,29.287,25.6,25.4,0.09,0.526,3.256,4.944,0.549,
2025-05-29 06:02:52,320.768,0.0,142.13,-12.202,25.6,25.4,0.095,0.482,3.257,4.946,0.549,
2025-05-29 06:02:53,320.861,0.0,141.99,-12.508,25.6,25.4,0.095,0.423,3.256,4.946,0.549,
2025-05-29 06:02:54,320.839,0.0,142.08,-12.508,25.6,25.4,0.094,0.411,3.257,4.947,0.549,
2025-05-29 06:02:55,320.977,0.0,141.99,-15.25,25.6,25.4,0.098,0.421,3.257,4.944,0.549,
2025-05-29 06:02:56,320.63,0.0,142.17,-10.673,25.7,25.3,0.09,0.393,3.256,4.949,0.549,
2025-05-29 06:02:57,320.652,0.0,142.13,-15.861,25.6,25.7,0.094,0.506,3.257,4.938,0.549,
2025-05-29 06:02:58,321.141,0.0,142.3,-10.673,25.5,25.4,0.095,0.409,3.256,4.944,0.549,
2025-05-29 06:02:59,321.35,0.0,143.38,30.816,25.7,25.4,0.095,0.478,3.256,4.94,0.549,
2025-05-29 06:03:00,320.955,0.0,142.25,-14.638,25.6,25.3,0.088,0.456,3.259,4.944,0.962,TORQUE_CHANGE
2025-05-29 06:03:01,320.883,0.0,143.04,17.696,25.6,25.4,0.095,0.378,3.256,4.955,0.962,
2025-05-29 06:03:02,320.883,0.0,143.04,17.696,25.6,25.4,0.095,0.378,3.256,4.955,0.962,
2025-05-29 06:03:03,321.163,0.0,143.08,16.779,25.6,25.6,0.093,0.442,3.257,4.942,0.962,
2025-05-29 06:03:04,320.674,0.0,141.95,-13.731,25.7,25.5,0.096,0.453,3.257,4.946,0.962,
2025-05-29 06:03:05,320.883,0.0,141.86,-15.25,25.6,25.5,0.099,0.452,3.257,4.944,0.962,
2025-05-29 06:03:06,321.026,0.0,142.08,-6.0957,25.7,25.3,0.093,0.43,3.257,4.947,0.962,
2025-05-29 06:03:07,320.768,0.0,142.17,-10.979,25.7,25.5,0.094,0.494,3.257,4.942,0.962,
2025-05-29 06:03:08,320.861,0.0,142.77,9.4599,25.6,25.5,0.095,0.461,3.257,4.949,0.962,
2025-05-29 06:03:09,320.674,0.0,142.21,-11.896,25.7,25.4,0.096,0.453,3.257,4.946,0.962,
2025-05-29 06:03:10,320.933,0.0,143.96,54.618,25.6,25.4,0.098,0.49,3.256,4.944,0.962,
2025-05-29 06:03:11,321.257,0.0,142.17,-14.638,25.7,25.4,0.095,0.507,3.254,4.938,0.962,
2025-05-29 06:03:12,321.092,0.0,142.21,-9.4599,25.6,25.4,0.095,0.45,3.257,4.946,0.962,
2025-05-29 06:03:13,321.07,0.0,142.08,-13.731,25.6,25.4,0.095,0.483,3.256,4.94,0.962,
2025-05-29 06:03:14,321.394,0.001,143.6,42.416,25.7,25.6,0.098,0.434,3.256,4.947,0.962,
2025-05-29 06:03:15,321.301,0.0,143.21,32.651,25.6,25.6,0.094,0.466,3.257,4.946,0.962,
2025-05-29 06:03:16,321.323,0.0,142.25,-10.979,25.7,25.6,0.096,0.445,3.257,4.949,0.962,
2025-05-29 06:03:17,320.839,0.0,142.34,-10.673,25.7,25.4,0.096,0.479,3.257,4.942,0.962,
2025-05-29 06:03:18,320.861,0.0,142.34,-6.7073,25.6,25.4,0.095,0.469,3.257,4.947,0.962,
2025-05-29 06:03:19,320.79,0.0,143.82,46.688,25.6,25.4,0.099,0.536,3.257,4.944,0.962,
2025-05-29 06:03:20,321.141,0.0,142.38,-10.367,25.6,25.4,0.089,0.455,3.256,4.946,0.962,
2025-05-29 06:03:21,321.443,0.001,143.16,21.968,25.6,25.6,0.094,0.457,3.257,4.946,0.962,
2025-05-29 06:03:22,321.301,0.0,143.26,32.345,25.7,25.4,0.095,0.482,3.257,4.946,0.962,
2025-05-29 06:03:23,321.372,0.0,143.3,38.145,25.7,25.4,0.095,0.477,3.257,4.949,0.962,
2025-05-29 06:03:24,321.07,0.0,141.91,-13.425,25.7,25.5,0.099,0.498,3.256,4.94,0.962,
2025-05-29 06:03:25,321.185,0.0,141.91,-13.425,25.6,25.3,0.091,0.501,3.257,4.942,0.962,
2025-05-29 06:03:26,320.883,0.0,141.95,-13.119,25.7,25.4,0.095,0.491,3.257,4.944,0.962,
2025-05-29 06:03:27,320.861,0.0,142.13,-10.979,25.6,25.3,0.095,0.463,3.256,4.951,0.962,
2025-05-29 06:03:28,321.141,0.0,142.21,-12.814,25.6,25.4,0.095,0.508,3.256,4.936,0.962,
2025-05-29 06:03:29,321.301,0.0,142.3,-13.425,25.6,25.5,0.097,0.487,3.256,4.944,0.962,
2025-05-29 06:03:30,320.883,0.0,142.34,-11.896,25.6,25.5,0.095,0.486,3.257,4.946,0.259,TORQUE_CHANGE
2025-05-29 06:03:31,320.702,0.0,143.12,18.614,25.4,25.4,0.096,0.505,3.257,4.942,0.259,
2025-05-29 06:03:32,320.702,0.0,143.12,18.614,25.4,25.4,0.096,0.505,3.257,4.942,0.259,
2025-05-29 06:03:33,321.185,0.0,143.56,37.534,25.7,25.5,0.098,0.479,3.256,4.944,0.259,
2025-05-29 06:03:34,321.559,0.001,142.43,-9.7552,25.8,25.4,0.096,0.514,3.256,4.944,0.259,
2025-05-29 06:03:35,321.235,0.0,143.7,43.629,25.6,25.4,0.097,0.466,3.257,4.949,0.259,
2025-05-29 06:03:36,320.883,0.0,142.47,0.90697,25.7,25.5,0.094,0.491,3.256,4.944,0.259,
2025-05-29 06:03:37,320.933,0.0,142.17,-13.731,25.5,25.4,0.095,0.464,3.257,4.949,0.259,
2025-05-29 06:03:38,320.933,0.0,142.17,-14.638,25.7,25.5,0.097,0.5,3.256,4.946,0.259,
2025-05-29 06:03:39,320.883,0.0,142.25,-11.284,25.6,25.4,0.095,0.498,3.257,4.947,0.259,
2025-05-29 06:03:40,321.163,0.0,143.56,39.664,25.7,25.5,0.098,0.529,3.256,4.94,0.259,
2025-05-29 06:03:41,321.301,0.0,142.13,-11.284,25.7,25.4,0.096,0.466,3.256,4.947,0.259,
2025-05-29 06:03:42,321.257,0.0,142.51,3.6595,25.7,25.4,0.097,0.489,3.256,4.94,0.259,
2025-05-29 06:03:43,321.141,0.0,142.04,-12.202,25.6,25.6,0.098,0.478,3.256,4.947,0.259,
2025-05-29 06:03:44,321.279,0.0,142.17,-13.119,25.7,25.4,0.089,0.51,3.254,4.938,0.259,
2025-05-29 06:03:45,321.394,0.001,142.13,-12.814,25.6,25.6,0.095,0.471,3.256,4.946,0.259,
2025-05-29 06:03:46,321.372,0.0,143.43,34.781,25.6,25.6,0.096,0.495,3.257,4.946,0.259,
2025-05-29 06:03:47,321.07,0.0,142.65,3.6595,25.7,25.6,0.095,0.481,3.257,4.953,0.259,
2025-05-29 06:03:48,321.07,0.0,143.34,32.039,25.8,25.5,0.099,0.489,3.256,4.94,0.259,
2025-05-29 06:03:49,320.79,0.0,142.17,-13.731,25.5,25.3,0.089,0.477,3.257,4.949,0.259,
2025-05-29 06:03:50,320.999,0.0,142.13,-12.202,25.6,25.6,0.095,0.496,3.257,4.944,0.259,
2025-05-29 06:03:51,320.977,0.0,142.86,16.473,25.4,25.4,0.095,0.414,3.257,4.953,0.259,
2025-05-29 06:03:52,320.746,0.0,142.3,-9.154,25.7,25.5,0.095,0.472,3.256,4.947,0.259,
2025-05-29 06:03:53,320.883,0.0,142.25,-6.0957,25.5,25.5,0.1,0.472,3.256,4.946,0.259,
2025-05-29 06:03:54,320.977,0.0,143.26,31.427,25.6,25.4,0.093,0.474,3.257,4.942,0.259,
2025-05-29 06:03:55,320.955,0.0,143.65,44.853,25.7,25.5,0.095,0.429,3.256,4.946,0.259,
2025-05-29 06:03:56,320.977,0.0,142.21,-9.7552,25.5,25.6,0.096,0.48,3.256,4.944,0.259,
2025-05-29 06:03:57,321.279,0.0,142.77,12.814,25.7,25.6,0.097,0.482,3.256,4.946,0.259,
2025-05-29 06:03:58,321.114,0.0,142.73,4.8723,25.7,25.5,0.098,0.399,3.257,4.951,0.259,
2025-05-29 06:03:59,321.207,0.0,142.21,-11.896,25.7,25.6,0.095,0.491,3.257,4.942,0.259,
2025-05-29 06:04:00,320.977,0.0,142.34,-8.2365,25.7,25.6,0.095,0.458,3.257,4.944,0.991,TORQUE_CHANGE
2025-05-29 06:04:01,320.905,0.0,142.25,-12.814,25.9,25.6,0.099,0.394,3.257,4.949,0.991,
2025-05-29 06:04:02,320.905,0.0,142.25,-12.814,25.9,25.6,0.099,0.394,3.257,4.949,0.991,
2025-05-29 06:04:03,320.933,0.0,142.21,-18.002,25.6,25.5,0.095,0.422,3.256,4.942,0.991,
2025-05-29 06:04:04,321.416,0.001,142.3,-12.814,25.7,25.6,0.096,0.374,3.257,4.949,0.991,
2025-05-29 06:04:05,321.279,0.0,142.3,-11.59,25.7,25.4,0.095,0.427,3.256,4.944,0.991,
2025-05-29 06:04:06,321.257,0.0,142.6,3.3537,25.6,25.5,0.095,0.437,3.257,4.953,0.991,
2025-05-29 06:04:07,320.977,0.0,142.13,-14.037,25.8,25.6,0.099,0.436,3.257,4.944,0.991,
2025-05-29 06:04:08,321.026,0.0,143.6,48.206,25.6,25.4,0.091,0.436,3.257,4.949,0.991,
2025-05-29 06:04:09,320.883,0.0,142.25,-5.1781,25.7,25.6,0.094,0.458,3.256,4.944,0.991,
2025-05-29 06:04:10,320.999,0.0,141.99,-18.614,25.7,25.5,0.095,0.441,3.259,4.949,0.991,
2025-05-29 06:04:11,320.999,0.0,142.13,-17.085,25.7,25.4,0.095,0.431,3.257,4.947,0.991,
2025-05-29 06:04:12,320.674,0.0,142.08,-15.556,25.7,25.5,0.098,0.389,3.257,4.953,0.991,
2025-05-29 06:04:13,320.839,0.0,142.17,-10.061,25.7,25.4,0.09,0.438,3.256,4.946,0.991,
2025-05-29 06:04:14,320.955,0.0,142.21,-10.673,25.7,25.6,0.095,0.399,3.257,4.955,0.991,
2025-05-29 06:04:15,320.933,0.0,143.34,34.475,25.6,25.6,0.095,0.508,3.257,4.942,0.991,
2025-05-29 06:04:16,320.724,0.0,142.99,18.614,25.7,25.6,0.095,0.454,3.257,4.949,0.991,
2025-05-29 06:04:17,321.092,0.0,142.9,13.731,25.7,25.4,0.098,0.48,3.256,4.942,0.991,
2025-05-29 06:04:18,321.257,0.0,142.95,15.861,25.7,25.4,0.093,0.436,3.257,4.949,0.991,
2025-05-29 06:04:19,321.531,0.001,143.56,38.746,25.7,25.6,0.095,0.464,3.256,4.946,0.991,
2025-05-29 06:04:20,321.207,0.0,143.65,43.935,25.6,25.4,0.095,0.497,3.257,4.946,0.991,
2025-05-29 06:04:21,321.235,0.0,142.13,-10.979,25.7,25.4,0.096,0.458,3.256,4.949,0.991,
2025-05-29 06:04:22,321.235,0.0,142.13,-10.979,25.7,25.4,0.096,0.458,3.256,4.949,0.991,
2025-05-29 06:04:23,321.07,0.0,142.3,-11.896,25.7,25.6,0.094,0.461,3.256,4.949,0.991,
2025-05-29 06:04:24,321.07,0.0,142.3,-11.896,25.7,25.6,0.094,0.461,3.256,4.949,0.991,
2025-05-29 06:04:25,320.977,0.0,142.77,6.7073,25.6,25.4,0.093,0.457,3.257,4.951,0.991,
2025-05-29 06:04:26,320.768,0.0,142.25,-9.7552,25.7,25.6,0.098,0.506,3.256,4.944,0.991,
2025-05-29 06:04:27,320.839,0.0,143.6,44.547,25.7,25.5,0.094,0.469,3.257,4.942,0.991,
2025-05-29 06:04:28,321.048,0.0,142.82,12.814,25.6,25.6,0.095,0.456,3.257,4.944,0.991,
2025-05-29 06:04:29,321.026,0.0,142.13,-16.473,25.7,25.4,0.095,0.486,3.257,4.944,0.991,
2025-05-29 06:04:30,320.883,0.0,142.86,26.545,25.7,25.6,0.098,0.484,3.256,4.942,0.061,TORQUE_CHANGE
2025-05-29 06:04:31,320.999,0.0,141.99,-14.343,25.6,25.5,0.089,0.485,3.256,4.942,0.061,
2025-05-29 06:04:32,320.999,0.0,141.99,-14.343,25.6,25.5,0.089,0.485,3.256,4.942,0.061,
2025-05-29 06:04:33,320.79,0.0,142.04,-11.896,25.7,25.6,0.095,0.48,3.256,4.947,0.061,
2025-05-29 06:04:34,320.79,0.0,142.21,-10.979,25.8,25.4,0.095,0.48,3.256,4.947,0.061,
2025-05-29 06:04:35,320.839,0.0,142.21,-14.343,25.6,25.6,0.095,0.496,3.257,4.944,0.061,
2025-05-29 06:04:36,320.883,0.0,142.6,-2.742,25.7,25.6,0.098,0.508,3.256,4.944,0.061,
2025-05-29 06:04:37,321.092,0.0,142.25,-14.944,25.7,25.4,0.088,0.453,3.257,4.947,0.061,
2025-05-29 06:04:38,321.416,0.001,142.25,-14.944,25.7,25.6,0.095,0.48,3.257,4.942,0.061,
2025-05-29 06:04:39,321.048,0.0,142.82,8.8482,25.7,25.4,0.094,0.471,3.259,4.951,0.061,
2025-05-29 06:04:40,320.905,0.0,142.13,-16.167,25.7,25.4,0.095,0.482,3.256,4.944,0.061,
2025-05-29 06:04:41,320.905,0.0,142.21,-11.896,25.6,25.4,0.099,0.478,3.257,4.946,0.061,
2025-05-29 06:04:42,320.79,0.0,143.74,52.783,25.6,25.6,0.093,0.506,3.256,4.938,0.061,
2025-05-29 06:04:43,321.026,0.0,142.08,-12.202,25.6,25.4,0.096,0.464,3.257,4.947,0.061,
2025-05-29 06:04:44,320.861,0.0,142.17,-14.638,25.5,25.5,0.095,0.491,3.257,4.942,0.061,
2025-05-29 06:04:45,321.257,0.0,142.21,-11.896,25.7,25.4,0.097,0.475,3.256,4.946,0.061,
2025-05-29 06:04:46,321.301,0.0,142.34,-10.061,25.7,25.6,0.098,0.458,3.256,4.946,0.061,
2025-05-29 06:04:47,321.279,0.0,142.21,-11.896,25.7,25.4,0.096,0.437,3.257,4.949,0.061,
2025-05-29 06:04:48,321.394,0.0,143.82,48.206,25.8,25.4,0.096,0.516,3.257,4.94,0.061,
2025-05-29 06:04:49,320.746,0.0,142.25,-14.037,25.7,25.5,0.097,0.454,3.257,4.951,0.061,
2025-05-29 06:04:50,320.702,0.0,142.08,-18.002,25.9,25.5,0.097,0.507,3.256,4.944,0.061,
2025-05-29 06:04:51,321.07,0.0,142.55,15.25,25.7,25.4,0.091,0.472,3.256,4.944,0.061,
2025-05-29 06:04:52,321.416,0.001,141.95,-15.25,25.7,25.6,0.096,0.49,3.257,4.94,0.061,
2025-05-29 06:04:53,321.35,0.0,141.86,-17.696,25.6,25.6,0.095,0.426,3.257,4.951,0.061,
2025-05-29 06:04:54,321.372,0.001,142.08,-9.7552,25.6,25.7,0.096,0.491,3.256,4.944,0.061,
2025-05-29 06:04:55,321.372,0.0,142.55,-0.90697,25.8,25.6,0.098,0.409,3.257,4.955,0.061,
2025-05-29 06:04:56,321.443,0.001,142.25,-10.061,25.7,25.5,0.089,0.475,3.256,4.942,0.061,
2025-05-29 06:04:57,320.977,0.0,142.47,-2.742,25.6,25.6,0.096,0.451,3.257,4.951,0.061,
2025-05-29 06:04:58,320.955,0.0,142.43,-6.4015,25.6,25.4,0.095,0.47,3.257,4.947,0.061,
2025-05-29 06:04:59,321.092,0.0,142.17,-18.002,25.5,25.5,0.095,0.506,3.257,4.946,0.061,
2025-05-29 06:05:00,321.185,0.0,142.34,-11.59,25.6,25.5,0.09,0.415,3.257,4.947,0.305,TORQUE_CHANGE
2025-05-29 06:05:01,321.372,0.0,142.25,-12.202,25.9,25.6,0.095,0.455,3.257,4.946,0.305,
2025-05-29 06:05:02,321.372,0.0,142.25,-12.202,25.9,25.6,0.095,0.455,3.257,4.946,0.305,
2025-05-29 06:05:03,321.048,0.0,142.21,-10.979,25.7,25.6,0.093,0.479,3.257,4.947,0.305,
2025-05-29 06:05:04,321.048,0.0,142.86,12.202,25.7,25.4,0.096,0.421,3.256,4.951,0.305,
2025-05-29 06:05:05,320.861,0.0,142.17,-15.861,25.5,25.5,0.099,0.515,3.257,4.942,0.305,
2025-05-29 06:05:06,320.652,0.0,142.95,15.25,25.7,25.4,0.092,0.393,3.257,4.947,0.305,
2025-05-29 06:05:07,320.768,0.0,142.17,-13.731,25.7,25.7,0.094,0.467,3.254,4.942,0.305,
2025-05-29 06:05:08,321.443,0.001,142.25,-9.7552,25.6,25.6,0.094,0.411,3.257,4.947,0.305,
2025-05-29 06:05:09,321.416,0.001,143.48,35.699,25.7,25.6,0.095,0.441,3.257,4.947,0.305,
2025-05-29 06:05:10,321.141,0.0,142.17,-10.979,25.7,25.4,0.096,0.433,3.256,4.946,0.305,
2025-05-29 06:05:11,321.114,0.0,143.16,33.568,25.7,25.4,0.096,0.463,3.256,4.942,0.305,
2025-05-29 06:05:12,321.394,0.001,142.13,-6.4015,25.7,25.5,0.095,0.384,3.256,4.949,0.305,
2025-05-29 06:05:13,321.185,0.0,142.04,-12.814,25.6,25.6,0.095,0.406,3.257,4.944,0.305,
2025-05-29 06:05:14,321.114,0.0,142.21,-11.284,25.7,25.5,0.097,0.393,3.256,4.947,0.305,
2025-05-29 06:05:15,321.35,0.0,142.08,-18.002,25.7,25.5,0.095,0.46,3.256,4.942,0.305,
2025-05-29 06:05:16,321.257,0.0,142.3,-6.7073,25.9,25.4,0.094,0.448,3.257,4.946,0.305,
2025-05-29 06:05:17,321.07,0.0,142.21,-12.814,25.7,25.6,0.095,0.482,3.257,4.94,0.305,
2025-05-29 06:05:18,320.883,0.0,142.43,-4.2712,25.6,25.5,0.095,0.397,3.256,4.951,0.305,
2025-05-29 06:05:19,321.141,0.0,142.21,-16.779,25.6,25.7,0.099,0.455,3.256,4.942,0.305,
2025-05-29 06:05:20,321.235,0.0,143.12,25.933,25.7,25.6,0.087,0.455,3.257,4.946,0.305,
2025-05-29 06:05:21,320.883,0.0,142.6,10.979,25.7,25.7,0.094,0.497,3.254,4.938,0.305,
2025-05-29 06:05:22,320.63,0.0,143.04,29.592,25.7,25.4,0.093,0.428,3.257,4.946,0.305,
2025-05-29 06:05:23,320.861,0.0,142.04,-11.59,25.6,25.7,0.093,0.464,3.257,4.94,0.305,
2025-05-29 06:05:24,320.955,0.0,141.95,-16.167,25.6,25.6,0.099,0.474,3.257,4.944,0.305,
2025-05-29 06:05:25,320.883,0.0,141.99,-10.367,25.7,25.3,0.088,0.552,3.257,4.938,0.305,
2025-05-29 06:05:26,320.905,0.0,142.17,-9.154,25.7,25.7,0.094,0.416,3.257,4.953,0.305,
2025-05-29 06:05:27,320.933,0.0,142.34,-9.4599,25.6,25.4,0.095,0.518,3.257,4.94,0.305,
2025-05-29 06:05:28,320.933,0.0,142.38,-11.284,25.7,25.5,0.096,0.468,3.256,4.944,0.305,
2025-05-29 06:05:29,321.443,0.001,142.17,-14.638,25.7,25.7,0.099,0.474,3.256,4.944,0.305,
2025-05-29 06:05:30,321.257,0.0,142.25,-13.731,25.7,25.6,0.095,0.48,3.256,4.946,0.961,TORQUE_CHANGE
2025-05-29 06:05:31,321.141,0.0,142.21,-17.696,25.5,25.6,0.096,0.497,3.257,4.947,0.961,
2025-05-29 06:05:32,321.141,0.0,142.21,-17.696,25.5,25.6,0.096,0.497,3.257,4.947,0.961,
2025-05-29 06:05:33,321.026,0.0,142.43,-5.1781,25.7,25.4,0.096,0.483,3.256,4.942,0.961,
2025-05-29 06:05:34,321.372,0.0,142.38,-6.0957,25.7,25.5,0.097,0.461,3.256,4.946,0.961,
2025-05-29 06:05:35,321.163,0.0,142.21,-14.343,25.7,25.6,0.095,0.446,3.256,4.947,0.961,
2025-05-29 06:05:36,321.163,0.0,142.25,-10.673,25.7,25.5,0.095,0.497,3.257,4.946,0.961,
2025-05-29 06:05:37,320.905,0.0,142.38,-10.061,25.6,25.6,0.094,0.491,3.257,4.947,0.961,
2025-05-29 06:05:38,321.163,0.0,142.04,-14.944,25.8,25.5,0.097,0.475,3.256,4.947,0.961,
2025-05-29 06:05:39,321.026,0.0,142.04,-13.119,25.7,25.4,0.094,0.468,3.257,4.949,0.961,
2025-05-29 06:05:40,320.933,0.0,142.13,-12.202,25.7,25.6,0.094,0.48,3.256,4.946,0.961,
2025-05-29 06:05:41,320.674,0.0,142.25,-10.061,25.6,25.5,0.096,0.477,3.257,4.946,0.961,
2025-05-29 06:05:42,320.817,0.0,142.25,-12.814,25.6,25.7,0.095,0.508,3.256,4.942,0.961,
2025-05-29 06:05:43,321.235,0.0,143.74,43.323,25.7,25.6,0.099,0.451,3.256,4.947,0.961,
2025-05-29 06:05:44,321.465,0.001,142.21,-12.202,25.8,25.5,0.088,0.5,3.257,4.946,0.961,
2025-05-29 06:05:45,321.394,0.0,142.25,-11.896,25.9,25.6,0.095,0.453,3.257,4.949,0.961,
2025-05-29 06:05:46,321.487,0.001,142.55,2.742,25.7,25.5,0.096,0.507,3.257,4.946,0.961,
2025-05-29 06:05:47,321.141,0.0,143.52,40.276,25.7,25.4,0.096,0.45,3.257,4.951,0.961,
2025-05-29 06:05:48,321.257,0.0,142.08,-13.425,25.7,25.5,0.099,0.496,3.257,4.942,0.961,
2025-05-29 06:05:49,321.163,0.0,142.08,-12.202,25.7,25.5,0.088,0.458,3.256,4.947,0.961,
2025-05-29 06:05:50,321.141,0.0,142.99,24.404,25.7,25.6,0.096,0.474,3.257,4.944,0.961,
2025-05-29 06:05:51,321.185,0.0,142.51,4.2712,25.7,25.7,0.095,0.475,3.257,4.951,0.961,
2025-05-29 06:05:52,321.092,0.0,142.95,22.273,25.9,25.4,0.096,0.475,3.257,4.947,0.961,
2025-05-29 06:05:53,321.026,0.0,142.04,-12.202,25.7,25.6,0.098,0.475,3.257,4.947,0.961,
2025-05-29 06:05:54,320.977,0.0,142.13,-10.673,25.7,25.5,0.092,0.505,3.256,4.94,0.961,
2025-05-29 06:05:55,320.999,0.0,142.21,-10.367,25.6,25.5,0.097,0.464,3.257,4.951,0.961,
2025-05-29 06:05:56,320.883,0.0,142.21,-13.731,25.5,25.5,0.096,0.525,3.257,4.94,0.961,
2025-05-29 06:05:57,321.163,0.0,142.34,-11.59,25.7,25.6,0.098,0.479,3.256,4.946,0.961,
2025-05-29 06:05:58,321.531,0.001,142.25,-13.731,25.7,25.4,0.096,0.485,3.257,4.946,0.961,
2025-05-29 06:05:59,321.372,0.0,142.34,-5.484,25.7,25.5,0.096,0.431,3.257,4.951,0.961,
2025-05-29 06:06:00,321.163,0.0,142.99,17.391,25.7,25.5,0.096,0.472,3.257,4.951,0.596,TORQUE_CHANGE
2025-05-29 06:06:01,321.048,0.0,142.73,5.484,25.7,25.7,0.098,0.472,3.256,4.949,0.596,
2025-05-29 06:06:02,321.048,0.0,142.73,5.484,25.7,25.7,0.098,0.472,3.256,4.949,0.596,
2025-05-29 06:06:03,320.955,0.0,142.21,-11.59,25.7,25.6,0.094,0.456,3.257,4.944,0.596,
2025-05-29 06:06:04,320.746,0.0,142.86,11.284,25.6,25.6,0.095,0.471,3.256,4.944,0.596,
2025-05-29 06:06:05,321.07,0.0,142.21,-12.814,25.6,25.6,0.095,0.428,3.257,4.949,0.596,
2025-05-29 06:06:06,321.372,0.0,142.51,0.0,25.7,25.6,0.094,0.49,3.257,4.947,0.596,
2025-05-29 06:06:07,321.674,0.001,142.21,-13.119,25.7,25.4,0.101,0.392,3.257,4.951,0.596,
2025-05-29 06:06:08,321.141,0.0,143.6,42.722,25.6,25.4,0.091,0.472,3.257,4.947,0.596,
2025-05-29 06:06:09,321.323,0.0,143.04,25.627,25.7,25.6,0.095,0.416,3.257,4.949,0.596,
2025-05-29 06:06:10,321.323,0.0,142.04,-10.061,25.7,25.5,0.095,0.463,3.257,4.946,0.596,
2025-05-29 06:06:11,321.465,0.001,143.65,49.735,25.8,25.6,0.095,0.497,3.257,4.944,0.596,
2025-05-29 06:06:12,321.35,0.0,142.17,-11.896,25.8,25.5,0.098,0.468,3.257,4.946,0.596,
2025-05-29 06:06:13,321.35,0.0,142.25,-13.425,25.8,25.4,0.09,0.428,3.257,4.946,0.596,
2025-05-29 06:06:14,321.07,0.0,142.13,-14.944,25.7,25.7,0.095,0.427,3.256,4.949,0.596,
2025-05-29 06:06:15,320.905,0.0,142.17,-14.638,25.6,25.6,0.095,0.429,3.257,4.949,0.596,
2025-05-29 06:06:16,320.977,0.0,143.16,26.239,25.7,25.7,0.097,0.472,3.257,4.944,0.596,
2025-05-29 06:06:17,320.817,0.0,142.13,-15.556,25.7,25.6,0.098,0.424,3.257,4.942,0.596,
2025-05-29 06:06:18,320.999,0.0,142.08,-11.896,25.7,25.6,0.091,0.395,3.257,4.946,0.596,
2025-05-29 06:06:19,320.999,0.0,142.9,11.59,25.7,25.5,0.095,0.414,3.256,4.94,0.596,
2025-05-29 06:06:20,321.092,0.0,143.74,48.206,25.6,25.6,0.093,0.437,3.257,4.947,0.596,
2025-05-29 06:06:21,321.185,0.0,143.21,27.156,25.8,25.6,0.095,0.419,3.257,4.946,0.596,
2025-05-29 06:06:22,321.301,0.0,142.17,-14.638,25.7,25.5,0.095,0.442,3.257,4.947,0.596,
2025-05-29 06:06:23,321.185,0.0,143.43,34.169,25.8,25.5,0.095,0.441,3.256,4.942,0.596,
2025-05-29 06:06:24,321.416,0.0,141.99,-17.696,25.8,25.6,0.095,0.45,3.257,4.951,0.596,
2025-05-29 06:06:25,321.581,0.001,142.77,17.085,25.6,25.4,0.095,0.479,3.257,4.942,0.596,
2025-05-29 06:06:26,321.35,0.0,142.6,8.8482,25.8,25.5,0.099,0.389,3.256,4.953,0.596,
2025-05-29 06:06:27,321.603,0.001,142.08,-13.119,25.9,25.4,0.095,0.48,3.256,4.942,0.596,
2025-05-29 06:06:28,321.35,0.0,142.08,-12.508,25.7,25.6,0.094,0.43,3.257,4.949,0.596,
2025-05-29 06:06:29,321.163,0.0,142.21,-14.037,25.7,25.5,0.095,0.491,3.256,4.942,0.596,
2025-05-29 06:06:30,320.883,0.0,142.99,15.556,25.7,25.4,0.099,0.486,3.257,4.944,0.49,TORQUE_CHANGE
2025-05-29 06:06:31,320.674,0.0,142.17,-7.9307,25.7,25.6,0.09,0.48,3.257,4.946,0.49,
2025-05-29 06:06:32,320.674,0.0,142.17,-7.9307,25.7,25.6,0.09,0.48,3.257,4.946,0.49,
2025-05-29 06:06:33,320.817,0.0,142.38,-0.29529,25.7,25.6,0.094,0.489,3.257,4.942,0.49,
2025-05-29 06:06:34,320.955,0.0,143.7,48.206,25.6,25.6,0.094,0.448,3.257,4.946,0.49,
2025-05-29 06:06:35,321.026,0.0,142.21,-13.731,25.7,25.6,0.094,0.499,3.256,4.94,0.49,
2025-05-29 06:06:36,320.977,0.0,142.21,-11.59,25.7,25.6,0.098,0.464,3.256,4.944,0.49,
2025-05-29 06:06:37,321.185,0.0,142.21,-13.731,25.9,25.4,0.088,0.466,3.254,4.942,0.49,
2025-05-29 06:06:38,321.416,0.0,142.04,-17.085,25.8,25.7,0.095,0.422,3.257,4.951,0.49,
2025-05-29 06:06:39,321.487,0.001,142.77,8.2365,25.8,25.5,0.095,0.469,3.257,4.947,0.49,
2025-05-29 06:06:40,321.465,0.001,142.25,-11.59,25.7,25.5,0.096,0.472,3.257,4.949,0.49,
2025-05-29 06:06:41,320.999,0.0,143.91,50.347,25.8,25.4,0.098,0.447,3.257,4.951,0.49,
2025-05-29 06:06:42,320.768,0.0,142.3,-13.425,25.7,25.6,0.091,0.438,3.254,4.946,0.49,
2025-05-29 06:06:43,321.114,0.0,143.3,31.122,25.8,25.6,0.096,0.462,3.254,4.944,0.49,
2025-05-29 06:06:44,321.07,0.0,142.13,-15.861,25.6,25.7,0.094,0.458,3.256,4.949,0.49,
2025-05-29 06:06:45,321.141,0.0,142.04,-10.673,25.7,25.6,0.096,0.446,3.257,4.947,0.49,
2025-05-29 06:06:46,321.026,0.0,143.16,30.816,25.6,25.5,0.096,0.472,3.256,4.942,0.49,
2025-05-29 06:06:47,321.394,0.0,143.08,24.71,25.7,25.6,0.095,0.458,3.256,4.949,0.49,
2025-05-29 06:06:48,321.185,0.0,142.25,-10.367,25.9,25.6,0.095,0.496,3.256,4.942,0.49,
2025-05-29 06:06:49,321.416,0.0,142.17,-11.896,25.6,25.5,0.095,0.482,3.256,4.947,0.49,
2025-05-29 06:06:50,321.509,0.001,142.17,-13.119,25.7,25.6,0.096,0.508,3.257,4.944,0.49,
2025-05-29 06:06:51,321.279,0.0,142.99,17.391,25.6,25.4,0.095,0.485,3.257,4.951,0.49,
2025-05-29 06:06:52,321.465,0.001,142.17,-12.814,25.8,25.6,0.093,0.472,3.257,4.947,0.49,
2025-05-29 06:06:53,320.955,0.0,142.34,-9.154,25.7,25.4,0.094,0.463,3.257,4.949,0.49,
2025-05-29 06:06:54,320.977,0.0,142.17,-18.614,25.5,25.6,0.095,0.511,3.256,4.94,0.49,
2025-05-29 06:06:55,321.048,0.0,142.3,-6.4015,25.6,25.5,0.098,0.499,3.256,4.947,0.49,
2025-05-29 06:06:56,321.141,0.0,142.3,-7.6248,25.7,25.4,0.09,0.48,3.256,4.942,0.49,
2025-05-29 06:06:57,321.301,0.0,142.21,-13.119,25.9,25.6,0.096,0.436,3.256,4.953,0.49,
2025-05-29 06:06:58,321.443,0.0,142.99,14.037,25.7,25.4,0.096,0.492,3.257,4.946,0.49,
2025-05-29 06:06:59,321.048,0.0,142.17,-14.638,25.8,25.5,0.095,0.485,3.257,4.949,0.49,
